ra,ano_base,prob_risco,risco_predito,nivel_risco
RA-267,2024,0.9533019302062554,1,Alto
RA-454,2024,0.948078321919855,1,Alto
RA-262,2024,0.9425052577228571,1,Alto
RA-376,2024,0.9396914859426729,1,Alto
RA-776,2024,0.93935746786127,1,Alto
RA-444,2024,0.9358107583682249,1,Alto
RA-847,2024,0.9354491899097118,1,Alto
RA-392,2024,0.9353379767726837,1,Alto
RA-381,2024,0.9350095194870756,1,Alto
RA-558,2024,0.9340956763359656,1,Alto
RA-382,2024,0.9340446655859458,1,Alto
RA-555,2024,0.9330402256181817,1,Alto
RA-149,2024,0.9325988008877587,1,Alto
RA-286,2024,0.9324819944105688,1,Alto
RA-705,2024,0.9317978555396182,1,Alto
RA-497,2024,0.9302384127064873,1,Alto
RA-458,2024,0.929803135481184,1,Alto
RA-741,2024,0.9258841284219409,1,Alto
RA-115,2024,0.9212721100286264,1,Alto
RA-422,2024,0.9211805812502993,1,Alto
RA-474,2024,0.9090226121964564,1,Alto
RA-529,2024,0.90843710394459,1,Alto
RA-750,2024,0.905355420258917,1,Alto
RA-618,2024,0.9034222410726254,1,Alto
RA-731,2024,0.9008687167916531,1,Alto
RA-464,2024,0.8978439729327201,1,Alto
RA-306,2024,0.8962886949067632,1,Alto
RA-331,2024,0.8957741746115506,1,Alto
RA-251,2024,0.8938579554187315,1,Alto
RA-681,2024,0.8918060127656822,1,Alto
RA-388,2024,0.8858863915920416,1,Alto
RA-762,2024,0.8855368921883331,1,Alto
RA-273,2024,0.8831519325330871,1,Alto
RA-397,2024,0.8829735227319117,1,Alto
RA-665,2024,0.8819105640524615,1,Alto
RA-643,2024,0.8789237084017479,1,Alto
RA-798,2024,0.8767958396123068,1,Alto
RA-387,2024,0.8757745675798073,1,Alto
RA-116,2024,0.8714465569510544,1,Alto
RA-754,2024,0.8702703703050229,1,Alto
RA-714,2024,0.8672371689079911,1,Alto
RA-1146,2024,0.8653116873533496,1,Alto
RA-1594,2024,0.8642035200295867,1,Alto
RA-1551,2024,0.860441716949468,1,Alto
RA-305,2024,0.8582646812552184,1,Alto
RA-1569,2024,0.8573429929757246,1,Alto
RA-916,2024,0.8564233418943742,1,Alto
RA-995,2024,0.8553179458388114,1,Alto
RA-773,2024,0.8541140479728376,1,Alto
RA-164,2024,0.8540938315695022,1,Alto
RA-1564,2024,0.8540398477407196,1,Alto
RA-1200,2024,0.8535272092947517,1,Alto
RA-249,2024,0.8530756196082114,1,Alto
RA-303,2024,0.8526960050995716,1,Alto
RA-1136,2024,0.8526655708579699,1,Alto
RA-1097,2024,0.8510782125360339,1,Alto
RA-1540,2024,0.851040961855408,1,Alto
RA-466,2024,0.8498441043667522,1,Alto
RA-1606,2024,0.8494208900154137,1,Alto
RA-1521,2024,0.8483807808514584,1,Alto
RA-1172,2024,0.848340010193363,1,Alto
RA-1170,2024,0.8477098797349195,1,Alto
RA-549,2024,0.8467451918215408,1,Alto
RA-1147,2024,0.8458532358048074,1,Alto
RA-587,2024,0.8453427936681638,1,Alto
RA-1143,2024,0.8453416683283582,1,Alto
RA-792,2024,0.8449976357638094,1,Alto
RA-905,2024,0.8445004135899148,1,Alto
RA-672,2024,0.8443221945867855,1,Alto
RA-1392,2024,0.8440573188648031,1,Alto
RA-1562,2024,0.8435758359238471,1,Alto
RA-360,2024,0.8427937450484219,1,Alto
RA-571,2024,0.8426833437243749,1,Alto
RA-1482,2024,0.8423497131025134,1,Alto
RA-1420,2024,0.8420184432166916,1,Alto
RA-1518,2024,0.8416129771803356,1,Alto
RA-1458,2024,0.8409682732909823,1,Alto
RA-107,2024,0.8408527222293328,1,Alto
RA-965,2024,0.8404884506433851,1,Alto
RA-911,2024,0.8388844206709362,1,Alto
RA-568,2024,0.8383974310799459,1,Alto
RA-538,2024,0.8383906128853205,1,Alto
RA-1116,2024,0.8375181375860996,1,Alto
RA-1505,2024,0.8370220589759153,1,Alto
RA-1613,2024,0.8352236964383277,1,Alto
RA-747,2024,0.8338871482119502,1,Alto
RA-1542,2024,0.8337769352675237,1,Alto
RA-1049,2024,0.8331574570627633,1,Alto
RA-1591,2024,0.8302967990592817,1,Alto
RA-1524,2024,0.8298707552775351,1,Alto
RA-402,2024,0.8296948224208776,1,Alto
RA-716,2024,0.8291438384570036,1,Alto
RA-426,2024,0.828703342847147,1,Alto
RA-841,2024,0.8283223092564788,1,Alto
RA-967,2024,0.8280698731292795,1,Alto
RA-152,2024,0.8276419450672152,1,Alto
RA-1070,2024,0.8262932419914023,1,Alto
RA-1550,2024,0.8242140841326944,1,Alto
RA-1071,2024,0.8242116718171429,1,Alto
RA-304,2024,0.8230883493249802,1,Alto
RA-1549,2024,0.8229341046350162,1,Alto
RA-774,2024,0.8228641131789491,1,Alto
RA-1493,2024,0.8212137064436259,1,Alto
RA-918,2024,0.8210967859930051,1,Alto
RA-1617,2024,0.8208720321203476,1,Alto
RA-623,2024,0.8204114929355163,1,Alto
RA-715,2024,0.8203690661061793,1,Alto
RA-1082,2024,0.820323309726031,1,Alto
RA-318,2024,0.8200873943315529,1,Alto
RA-1532,2024,0.8196903594455869,1,Alto
RA-620,2024,0.8180975644769635,1,Alto
RA-1384,2024,0.8171849348209698,1,Alto
RA-1489,2024,0.816956619100641,1,Alto
RA-1607,2024,0.8156646441113234,1,Alto
RA-947,2024,0.8154442562240422,1,Alto
RA-484,2024,0.815282923571506,1,Alto
RA-1459,2024,0.8152417035595708,1,Alto
RA-160,2024,0.814899779003001,1,Alto
RA-1513,2024,0.8135875661544163,1,Alto
RA-1611,2024,0.8124061984287988,1,Alto
RA-1426,2024,0.8118523404016716,1,Alto
RA-342,2024,0.810303418166265,1,Alto
RA-1160,2024,0.810214415853176,1,Alto
RA-639,2024,0.8095613580815872,1,Alto
RA-1461,2024,0.8082342016707575,1,Alto
RA-973,2024,0.8079979476503704,1,Alto
RA-680,2024,0.8076732073886774,1,Alto
RA-131,2024,0.8065220673296283,1,Alto
RA-1338,2024,0.8055492650901295,1,Alto
RA-369,2024,0.8054588975554641,1,Alto
RA-1577,2024,0.8043152550416884,1,Alto
RA-756,2024,0.8042903911530678,1,Alto
RA-1193,2024,0.8039206394815487,1,Alto
RA-1517,2024,0.8022937688799635,1,Alto
RA-1554,2024,0.8020581975340666,1,Alto
RA-1485,2024,0.8020371257243929,1,Alto
RA-1470,2024,0.801207245840489,1,Alto
RA-1347,2024,0.8002940528789262,1,Alto
RA-956,2024,0.8001234431857936,1,Alto
RA-919,2024,0.7994922096715419,1,Alto
RA-960,2024,0.7980930272498494,1,Alto
RA-1610,2024,0.7976080827237354,1,Alto
RA-1507,2024,0.7953830354127632,1,Alto
RA-1515,2024,0.7941720045866224,1,Alto
RA-1582,2024,0.7920192918844632,1,Alto
RA-514,2024,0.7919430173568938,1,Alto
RA-1600,2024,0.7910134357731406,1,Alto
RA-1481,2024,0.7908417109995699,1,Alto
RA-951,2024,0.7907597221547921,1,Alto
RA-1605,2024,0.7902851652009129,1,Alto
RA-1353,2024,0.7899031254733057,1,Alto
RA-822,2024,0.789795026703174,1,Alto
RA-606,2024,0.789698778624506,1,Alto
RA-1055,2024,0.788883436059556,1,Alto
RA-608,2024,0.7887338152147402,1,Alto
RA-946,2024,0.7876469446761379,1,Alto
RA-1589,2024,0.7862423338590763,1,Alto
RA-1585,2024,0.7853149707130282,1,Alto
RA-1198,2024,0.7839644529544398,1,Alto
RA-137,2024,0.7834745404151436,1,Alto
RA-138,2024,0.7819767165148628,1,Alto
RA-709,2024,0.781255525857424,1,Alto
RA-1337,2024,0.779819661389796,1,Alto
RA-556,2024,0.7784172609644162,1,Alto
RA-1520,2024,0.7780521704957135,1,Alto
RA-1597,2024,0.7758460578459223,1,Alto
RA-863,2024,0.7756268166671036,1,Alto
RA-836,2024,0.7755121603057953,1,Alto
RA-239,2024,0.7747353350284026,1,Alto
RA-1299,2024,0.7744154016362369,1,Alto
RA-821,2024,0.7703137006371099,1,Alto
RA-1371,2024,0.7688234628655344,1,Alto
RA-1543,2024,0.768641807524022,1,Alto
RA-432,2024,0.7673153515038184,1,Alto
RA-472,2024,0.7670704741543127,1,Alto
RA-1304,2024,0.7658821067749993,1,Alto
RA-1565,2024,0.7649360741581397,1,Alto
RA-1612,2024,0.7627717646745579,1,Alto
RA-1473,2024,0.7621681308925549,1,Alto
RA-1586,2024,0.7614653572170741,1,Alto
RA-1573,2024,0.7612654480131639,1,Alto
RA-483,2024,0.7610633367770433,1,Alto
RA-584,2024,0.7599410181743517,1,Alto
RA-390,2024,0.7591289011113644,1,Alto
RA-908,2024,0.7577617495351494,1,Alto
RA-192,2024,0.757566697255234,1,Alto
RA-1318,2024,0.757441006566302,1,Alto
RA-1503,2024,0.7572307343373871,1,Alto
RA-656,2024,0.7571596438961774,1,Alto
RA-699,2024,0.7571590564467897,1,Alto
RA-1581,2024,0.7566731350681158,1,Alto
RA-1168,2024,0.7562326790503833,1,Alto
RA-1207,2024,0.7560775836451065,1,Alto
RA-85,2024,0.7545335431175595,1,Alto
RA-1411,2024,0.7530256478079279,1,Alto
RA-1457,2024,0.7522739301841882,1,Alto
RA-851,2024,0.7515201963476202,1,Alto
RA-961,2024,0.7513284156445237,1,Alto
RA-236,2024,0.7506019243611124,1,Alto
RA-542,2024,0.7502773000079914,1,Alto
RA-862,2024,0.7500849173440239,1,Alto
RA-408,2024,0.7495808561515662,1,Alto
RA-663,2024,0.7491882024568209,1,Alto
RA-1544,2024,0.7485513228329045,1,Alto
RA-1620,2024,0.7481553740491532,1,Alto
RA-113,2024,0.7463484403364593,1,Alto
RA-925,2024,0.7450072836659821,1,Alto
RA-712,2024,0.7446310900213231,1,Alto
RA-1308,2024,0.7434921049822657,1,Alto
RA-897,2024,0.7412425833748246,1,Alto
RA-616,2024,0.7412379511575466,1,Alto
RA-1423,2024,0.7403306741881935,1,Alto
RA-590,2024,0.7395700131832644,1,Alto
RA-1559,2024,0.7390114243172198,1,Alto
RA-1596,2024,0.7382137271193308,1,Alto
RA-638,2024,0.7378396812092641,1,Alto
RA-1301,2024,0.7368789576110811,1,Alto
RA-763,2024,0.7366761199256441,1,Alto
RA-1305,2024,0.7366163124810227,1,Alto
RA-631,2024,0.736469735105522,1,Alto
RA-1031,2024,0.7359788306268278,1,Alto
RA-880,2024,0.7359727743642618,1,Alto
RA-313,2024,0.7356213411737451,1,Alto
RA-546,2024,0.7355924376968198,1,Alto
RA-1446,2024,0.7342229812706512,1,Alto
RA-1107,2024,0.7339101489926877,1,Alto
RA-1529,2024,0.7335521292428022,1,Alto
RA-719,2024,0.7317696730436907,1,Alto
RA-1014,2024,0.7314293454582165,1,Alto
RA-1054,2024,0.7300149563952141,1,Alto
RA-704,2024,0.7277062348798674,1,Alto
RA-981,2024,0.7275240127544512,1,Alto
RA-1455,2024,0.7263608426249484,1,Alto
RA-605,2024,0.7262654911868076,1,Alto
RA-1502,2024,0.7252467766521842,1,Alto
RA-1595,2024,0.7238807794733367,1,Alto
RA-1444,2024,0.7236442634241864,1,Alto
RA-1388,2024,0.7236036635252305,1,Alto
RA-1302,2024,0.7229057490357244,1,Alto
RA-909,2024,0.7226058300353226,1,Alto
RA-1379,2024,0.7222083673844805,1,Alto
RA-423,2024,0.722039950729252,1,Alto
RA-1060,2024,0.7217516246768207,1,Alto
RA-258,2024,0.7190552905500648,1,Alto
RA-1006,2024,0.7179885379168067,1,Alto
RA-178,2024,0.716425259270529,1,Alto
RA-1587,2024,0.7157402854789603,1,Alto
RA-401,2024,0.7152838731499542,1,Alto
RA-368,2024,0.7146136346218203,1,Alto
RA-1460,2024,0.7143097714486956,1,Alto
RA-1614,2024,0.714297105813769,1,Alto
RA-796,2024,0.7133101041396064,1,Alto
RA-1497,2024,0.7129384154293493,1,Alto
RA-476,2024,0.7126700469108984,1,Alto
RA-1592,2024,0.7119192365116356,1,Alto
RA-1095,2024,0.7113819894034386,1,Alto
RA-1478,2024,0.7113501160639095,1,Alto
RA-1531,2024,0.7108307008598764,1,Alto
RA-1479,2024,0.7105673149177558,1,Alto
RA-1442,2024,0.7105358457500841,1,Alto
RA-1496,2024,0.7087101377935852,1,Alto
RA-1108,2024,0.7085751262207299,1,Alto
RA-125,2024,0.7079783555292103,1,Alto
RA-158,2024,0.70731929525722,1,Alto
RA-1098,2024,0.7072964075146337,1,Alto
RA-1015,2024,0.706961368541775,1,Alto
RA-470,2024,0.7059906518249018,1,Alto
RA-496,2024,0.7058686950241106,1,Alto
RA-944,2024,0.705589386712022,1,Alto
RA-407,2024,0.705007491326006,1,Alto
RA-1618,2024,0.7041255535042577,1,Alto
RA-1547,2024,0.7038161247292818,1,Alto
RA-1278,2024,0.7035657895102922,1,Alto
RA-662,2024,0.7022936584966882,1,Alto
RA-1227,2024,0.7019505008857253,1,Alto
RA-1229,2024,0.7010487930632778,1,Alto
RA-1230,2024,0.7003581472454488,1,Alto
RA-706,2024,0.6987365958489952,1,Alto
RA-455,2024,0.6983352066723226,1,Alto
RA-633,2024,0.6982837790615605,1,Alto
RA-1228,2024,0.6976441561005516,1,Alto
RA-1480,2024,0.6971994311661815,1,Alto
RA-797,2024,0.6970149043068311,1,Alto
RA-1358,2024,0.6964017140540382,1,Alto
RA-1013,2024,0.6963724268074205,1,Alto
RA-1366,2024,0.6959200313790103,1,Alto
RA-1422,2024,0.6957983385004043,1,Alto
RA-1077,2024,0.6957250863128911,1,Alto
RA-1112,2024,0.6956842735686479,1,Alto
RA-626,2024,0.6945504849388097,1,Alto
RA-123,2024,0.6945256514779874,1,Alto
RA-1296,2024,0.6943480694768095,1,Alto
RA-939,2024,0.6940265419871935,1,Alto
RA-1009,2024,0.6933586703140147,1,Alto
RA-710,2024,0.6927681024858094,1,Alto
RA-352,2024,0.6920376891698443,1,Alto
RA-1181,2024,0.6919358827772399,1,Alto
RA-1087,2024,0.6916617474610723,1,Alto
RA-534,2024,0.6908263701053692,1,Alto
RA-491,2024,0.6908087360128428,1,Alto
RA-1443,2024,0.690796971892878,1,Alto
RA-1139,2024,0.6907790017026244,1,Alto
RA-1075,2024,0.6906592902759016,1,Alto
RA-1616,2024,0.6896594016113915,1,Alto
RA-971,2024,0.6892304401503223,1,Alto
RA-667,2024,0.6890216736685939,1,Alto
RA-972,2024,0.6884039166978663,1,Alto
RA-1494,2024,0.6875366077883127,1,Alto
RA-1100,2024,0.686835125830237,1,Alto
RA-1141,2024,0.6865624662987312,1,Alto
RA-1195,2024,0.6864531613501076,1,Alto
RA-1150,2024,0.6860918762662723,1,Alto
RA-1355,2024,0.6858371441540488,1,Alto
RA-858,2024,0.6842712268692569,1,Alto
RA-1625,2024,0.6839807486390862,1,Alto
RA-433,2024,0.6832982833148783,1,Alto
RA-153,2024,0.682920109505357,1,Alto
RA-570,2024,0.6826064391663433,1,Alto
RA-559,2024,0.6820521500570043,1,Alto
RA-1106,2024,0.6807194388498494,1,Alto
RA-700,2024,0.6803942052119403,1,Alto
RA-991,2024,0.6799978591829935,1,Alto
RA-1530,2024,0.6790485023292877,1,Alto
RA-508,2024,0.678807565159667,1,Alto
RA-912,2024,0.6771456537139884,1,Alto
RA-949,2024,0.6758066762532916,1,Alto
RA-707,2024,0.6751870833092165,1,Alto
RA-636,2024,0.6745564173223701,1,Alto
RA-1311,2024,0.6743530039460285,1,Alto
RA-752,2024,0.6741637248534896,1,Alto
RA-1546,2024,0.6736242301168868,1,Alto
RA-1323,2024,0.6727104804444595,1,Alto
RA-878,2024,0.67180377352548,1,Alto
RA-517,2024,0.671205196169341,1,Alto
RA-1155,2024,0.6705550494325881,1,Alto
RA-356,2024,0.6691209235074868,1,Alto
RA-1448,2024,0.6689950276725771,1,Alto
RA-1084,2024,0.6689923574817083,1,Alto
RA-121,2024,0.6672503301651871,1,Alto
RA-1130,2024,0.6658368471014607,1,Alto
RA-1357,2024,0.6657226573555864,1,Alto
RA-367,2024,0.6656633215555892,1,Alto
RA-830,2024,0.6649306970325172,1,Alto
RA-955,2024,0.6645081353308019,1,Alto
RA-404,2024,0.6635386056004018,1,Alto
RA-1488,2024,0.6630842324583627,1,Alto
RA-649,2024,0.662603468344879,1,Alto
RA-603,2024,0.6599684963495924,1,Alto
RA-771,2024,0.6594042728292107,1,Alto
RA-1319,2024,0.658625938001058,1,Alto
RA-702,2024,0.6583782566513768,1,Alto
RA-1111,2024,0.6583141604450948,1,Alto
RA-1504,2024,0.6579156866236607,1,Alto
RA-445,2024,0.6578137367518181,1,Alto
RA-924,2024,0.6576022419445918,1,Alto
RA-801,2024,0.6573862778566508,1,Alto
RA-969,2024,0.6558782798186918,1,Alto
RA-1593,2024,0.6547158163080745,1,Alto
RA-1571,2024,0.6531977170632485,1,Alto
RA-805,2024,0.6526143637976325,1,Alto
RA-1118,2024,0.6516692351065528,1,Alto
RA-336,2024,0.6512368431417154,1,Alto
RA-1548,2024,0.6511828698288198,1,Alto
RA-1354,2024,0.651098381798671,1,Alto
RA-725,2024,0.6503006328339157,1,Alto
RA-518,2024,0.6494331825553794,1,Alto
RA-867,2024,0.6457601816016597,1,Alto
RA-1345,2024,0.6456797392793163,1,Alto
RA-768,2024,0.6455965565247713,1,Alto
RA-1599,2024,0.6452345081572401,1,Alto
RA-1425,2024,0.64174500237116,1,Alto
RA-1292,2024,0.6416794203600766,1,Alto
RA-246,2024,0.6411094583591738,1,Alto
RA-1312,2024,0.6409720884633634,1,Alto
RA-270,2024,0.6390032092306533,1,Alto
RA-1556,2024,0.6366113756558811,1,Alto
RA-1477,2024,0.6345837240875004,1,Alto
RA-1374,2024,0.6338057835144056,1,Alto
RA-806,2024,0.633598318735945,1,Alto
RA-769,2024,0.6330888634360363,1,Alto
RA-1360,2024,0.6329589053925909,1,Alto
RA-1336,2024,0.6312558450455074,1,Alto
RA-966,2024,0.6311821486287557,1,Alto
RA-471,2024,0.6305231140199817,1,Alto
RA-729,2024,0.6301372237637275,1,Alto
RA-1316,2024,0.6286935970912431,1,Alto
RA-1294,2024,0.6284192526939596,1,Alto
RA-1137,2024,0.6282591886890599,1,Alto
RA-920,2024,0.6278787569736028,1,Alto
RA-642,2024,0.6276533829179488,1,Alto
RA-461,2024,0.6264355646353243,1,Alto
RA-1365,2024,0.6254285989459583,1,Alto
RA-770,2024,0.6244602010523586,1,Alto
RA-790,2024,0.6239526683966088,1,Alto
RA-1199,2024,0.6231768711536678,1,Alto
RA-921,2024,0.6219430852844563,1,Alto
RA-91,2024,0.6218852757576339,1,Alto
RA-1609,2024,0.6203707898212031,1,Alto
RA-1601,2024,0.6202410534911975,1,Alto
RA-787,2024,0.619735713486064,1,Alto
RA-1156,2024,0.6194726139313496,1,Alto
RA-1440,2024,0.61917498105448,1,Alto
RA-975,2024,0.6190608256700333,1,Alto
RA-1387,2024,0.61802250894397,1,Alto
RA-945,2024,0.6174169609751872,1,Alto
RA-40,2024,0.6171090271626162,1,Alto
RA-315,2024,0.61698053004904,1,Alto
RA-1364,2024,0.6169051537134816,1,Alto
RA-1413,2024,0.615601282180116,1,Alto
RA-1028,2024,0.6151208326701625,1,Alto
RA-780,2024,0.6137657220231417,1,Alto
RA-1421,2024,0.6132240204336743,1,Alto
RA-738,2024,0.6131646840340403,1,Alto
RA-1169,2024,0.6130698326294414,1,Alto
RA-931,2024,0.6118417760188505,1,Alto
RA-760,2024,0.6111089758397003,1,Alto
RA-459,2024,0.6106693825865956,1,Alto
RA-202,2024,0.6103101215103238,1,Alto
RA-977,2024,0.610302176729661,1,Alto
RA-868,2024,0.6096273667806238,1,Alto
RA-1608,2024,0.6096209109525421,1,Alto
RA-1342,2024,0.6086247177295143,1,Alto
RA-974,2024,0.6077370552672577,1,Alto
RA-1307,2024,0.6074665944523966,1,Alto
RA-1566,2024,0.6071902204335573,1,Alto
RA-624,2024,0.6063761981841879,1,Alto
RA-1373,2024,0.6032341065469398,1,Alto
RA-1486,2024,0.6031187117540684,1,Alto
RA-1119,2024,0.6025226249966916,1,Alto
RA-247,2024,0.6015451780532641,1,Alto
RA-581,2024,0.6010407869617662,1,Alto
RA-904,2024,0.6001086236212305,1,Alto
RA-170,2024,0.5997652065002254,1,Alto
RA-1283,2024,0.5995723521108084,1,Alto
RA-950,2024,0.5994548683374525,1,Alto
RA-1003,2024,0.5994399200720563,1,Alto
RA-1332,2024,0.5993341691407198,1,Alto
RA-964,2024,0.5984951942787685,1,Alto
RA-1558,2024,0.5977935907173899,1,Alto
RA-669,2024,0.5972166314787779,1,Alto
RA-411,2024,0.596528066488741,1,Alto
RA-1289,2024,0.5963416298982362,1,Alto
RA-1579,2024,0.596245017735855,1,Alto
RA-1220,2024,0.5959632902254807,1,Alto
RA-794,2024,0.5957916111244558,1,Alto
RA-1385,2024,0.5957752968178592,1,Alto
RA-389,2024,0.5948747099017008,1,Alto
RA-1099,2024,0.5948254851289784,1,Alto
RA-215,2024,0.5946191789061192,1,Alto
RA-1043,2024,0.5935114127985116,1,Alto
RA-1378,2024,0.5930573325679744,1,Alto
RA-1469,2024,0.5930151747390248,1,Alto
RA-994,2024,0.5918584016273556,1,Alto
RA-1453,2024,0.5904056202391577,1,Alto
RA-1339,2024,0.5900781089465394,1,Alto
RA-873,2024,0.5893806352229717,1,Alto
RA-749,2024,0.587714375676289,1,Alto
RA-1287,2024,0.5873710751661736,1,Alto
RA-1506,2024,0.5872956931807396,1,Alto
RA-434,2024,0.5869708925125325,1,Alto
RA-1575,2024,0.5868521755424633,1,Alto
RA-42,2024,0.5863476773324281,1,Alto
RA-1004,2024,0.5861616160319719,1,Alto
RA-1410,2024,0.5851231153175097,1,Alto
RA-1534,2024,0.5840198789871384,1,Alto
RA-1297,2024,0.5839851253073273,1,Alto
RA-1629,2024,0.5835409428446364,1,Alto
RA-698,2024,0.5834893722806853,1,Alto
RA-1335,2024,0.5821522500566425,1,Alto
RA-1079,2024,0.5816611568911461,1,Alto
RA-632,2024,0.5814251264756676,1,Alto
RA-1498,2024,0.5794703550978181,1,Alto
RA-978,2024,0.5791291133698236,1,Alto
RA-777,2024,0.578274475210637,1,Alto
RA-1619,2024,0.5776096569197597,1,Alto
RA-591,2024,0.5775250885578191,1,Alto
RA-1536,2024,0.577493084858895,1,Alto
RA-271,2024,0.5771195660659925,1,Alto
RA-1519,2024,0.5769514799037085,1,Alto
RA-1552,2024,0.5760094793395614,1,Alto
RA-1008,2024,0.5758652055472779,1,Alto
RA-1350,2024,0.5754958423861644,1,Alto
RA-395,2024,0.5752867364253543,1,Alto
RA-217,2024,0.5752418763476659,1,Alto
RA-1471,2024,0.5728885226631786,1,Alto
RA-929,2024,0.5724605814572502,1,Alto
RA-1115,2024,0.5723623001276489,1,Alto
RA-1500,2024,0.5717737768320388,1,Alto
RA-1300,2024,0.5717712511845134,1,Alto
RA-1451,2024,0.571745081335678,1,Alto
RA-283,2024,0.5709336454082563,1,Alto
RA-1341,2024,0.5693186483763888,1,Alto
RA-1166,2024,0.5684661011410903,1,Alto
RA-1424,2024,0.5680253477874744,1,Alto
RA-1407,2024,0.566820382929677,1,Alto
RA-1394,2024,0.5658716658896222,1,Alto
RA-1282,2024,0.565525928593321,1,Alto
RA-1588,2024,0.5648824716760099,1,Alto
RA-1449,2024,0.564572895363006,1,Alto
RA-941,2024,0.5644012441266987,1,Alto
RA-1464,2024,0.5636812806406346,1,Alto
RA-147,2024,0.5621401471022586,1,Alto
RA-1386,2024,0.5618365178607105,1,Alto
RA-690,2024,0.5616579381172998,1,Alto
RA-1516,2024,0.5614469546965917,1,Alto
RA-1580,2024,0.5609674780481704,1,Alto
RA-577,2024,0.5603835041175769,1,Alto
RA-874,2024,0.5587248086967008,1,Alto
RA-1189,2024,0.5578187413224591,1,Alto
RA-1447,2024,0.557119209785029,1,Alto
RA-979,2024,0.5566297255801032,1,Alto
RA-1349,2024,0.5562617835448954,1,Alto
RA-1317,2024,0.5556475274536603,1,Alto
RA-1399,2024,0.5528647679129493,1,Alto
RA-1320,2024,0.5519439443316724,1,Alto
RA-171,2024,0.5513129002817742,1,Alto
RA-1450,2024,0.5506594389230436,1,Alto
RA-1393,2024,0.5505458069941442,1,Alto
RA-1584,2024,0.549312426183639,1,Alto
RA-767,2024,0.5456497856590643,1,Alto
RA-509,2024,0.5453695041831704,1,Alto
RA-1359,2024,0.5453649565080378,1,Alto
RA-1063,2024,0.5442863215951718,1,Alto
RA-1370,2024,0.5441119410795144,1,Alto
RA-1375,2024,0.5441027688583422,1,Alto
RA-1408,2024,0.5437037199812463,1,Alto
RA-442,2024,0.5436733362019478,1,Alto
RA-1465,2024,0.5432598768660051,1,Alto
RA-1291,2024,0.5427070510144888,1,Alto
RA-1286,2024,0.5406194237523302,1,Alto
RA-29,2024,0.5403398118303254,1,Alto
RA-907,2024,0.5399345419767873,1,Alto
RA-1382,2024,0.5393061982539119,1,Alto
RA-340,2024,0.5392994897216503,1,Alto
RA-528,2024,0.5388027042260554,1,Alto
RA-414,2024,0.5386197561300939,1,Alto
RA-1326,2024,0.5380325603421083,1,Alto
RA-743,2024,0.5371353143716706,1,Alto
RA-1567,2024,0.5369882173132052,1,Alto
RA-493,2024,0.53693419340926,1,Alto
RA-1188,2024,0.5366211674875746,1,Alto
RA-1154,2024,0.5339904341589778,1,Alto
RA-1475,2024,0.5333081630801234,1,Alto
RA-1022,2024,0.5332374780936701,1,Alto
RA-1040,2024,0.5327861338553178,1,Alto
RA-1174,2024,0.5327623401409859,1,Alto
RA-12,2024,0.5324318810061676,1,Alto
RA-6,2024,0.5324318810061676,1,Alto
RA-658,2024,0.5314248805230674,1,Alto
RA-1324,2024,0.5305360346070661,1,Alto
RA-990,2024,0.5303614912819044,1,Alto
RA-1017,2024,0.5296953869755635,1,Alto
RA-1490,2024,0.5293197738676999,1,Alto
RA-1039,2024,0.5260664030794185,1,Alto
RA-1462,2024,0.5255374613080765,1,Alto
RA-363,2024,0.5244822645894516,1,Alto
RA-1418,2024,0.5241320370967155,1,Alto
RA-938,2024,0.5239529611422475,1,Alto
RA-1576,2024,0.5234837261111763,1,Alto
RA-357,2024,0.5231843509788693,1,Alto
RA-1280,2024,0.5226398429349648,1,Alto
RA-14,2024,0.5224257519487479,1,Alto
RA-884,2024,0.5219984080425867,1,Alto
RA-1290,2024,0.5219079884288377,1,Alto
RA-1067,2024,0.5217183272977834,1,Alto
RA-1351,2024,0.5214168786874019,1,Alto
RA-7,2024,0.5209500607478409,1,Alto
RA-1568,2024,0.5198695171692763,1,Alto
RA-1417,2024,0.5191774767844917,1,Alto
RA-13,2024,0.5179806435045271,1,Alto
RA-155,2024,0.5171571333278482,1,Alto
RA-21,2024,0.5168469918291891,1,Alto
RA-646,2024,0.516473844217943,1,Alto
RA-1348,2024,0.5157473338046371,1,Alto
RA-1279,2024,0.515632809680758,1,Alto
RA-934,2024,0.5156266892036993,1,Alto
RA-1352,2024,0.5145102538992137,1,Alto
RA-1401,2024,0.5139562496183796,1,Alto
RA-530,2024,0.5130921531465377,1,Alto
RA-377,2024,0.5129175238735308,1,Alto
RA-480,2024,0.5124876894406366,1,Alto
RA-424,2024,0.512147899174142,1,Alto
RA-876,2024,0.5119866440487179,1,Alto
RA-1002,2024,0.5115910082472709,1,Alto
RA-1436,2024,0.5113345975749208,1,Alto
RA-1058,2024,0.5111557167975321,1,Alto
RA-1334,2024,0.5108958025089535,1,Alto
RA-930,2024,0.5094755935537918,1,Alto
RA-959,2024,0.5092029421003675,1,Alto
RA-1415,2024,0.5083430958784539,1,Alto
RA-645,2024,0.5071960232370257,1,Alto
RA-49,2024,0.5070373230416073,1,Alto
RA-1396,2024,0.5063244364080206,1,Alto
RA-1416,2024,0.5038180476093634,1,Alto
RA-1409,2024,0.5036374158202811,1,Alto
RA-308,2024,0.5022656432111359,1,Alto
RA-1563,2024,0.5013080054100914,1,Alto
RA-199,2024,0.5001992503295878,1,Alto
RA-1346,2024,0.49914005738760375,1,Alto
RA-1157,2024,0.4990831864117403,1,Alto
RA-1555,2024,0.49899879775929,1,Alto
RA-359,2024,0.49824529716480614,1,Alto
RA-1430,2024,0.4971015589714678,1,Alto
RA-583,2024,0.49591701742716315,1,Alto
RA-937,2024,0.4955322751250615,1,Alto
RA-926,2024,0.49528918741565564,1,Alto
RA-613,2024,0.49458538982956385,1,Alto
RA-891,2024,0.4944305236498295,1,Alto
RA-935,2024,0.49341716620211606,1,Alto
RA-1018,2024,0.4931322268038874,1,Alto
RA-888,2024,0.4930206385080588,1,Alto
RA-1149,2024,0.4922625066197851,1,Alto
RA-175,2024,0.49166635676729803,1,Alto
RA-886,2024,0.4908921391103364,1,Alto
RA-1583,2024,0.4891279862590091,1,Alto
RA-1281,2024,0.4859685078383185,1,Alto
RA-630,2024,0.48484447447362666,1,Alto
RA-548,2024,0.48475345320032937,1,Alto
RA-968,2024,0.4845211506746663,1,Alto
RA-820,2024,0.4837297174925318,1,Alto
RA-1574,2024,0.4829380888538455,1,Alto
RA-1535,2024,0.48241035607408966,1,Alto
RA-885,2024,0.4823167617689929,1,Alto
RA-1603,2024,0.4819441127338572,1,Alto
RA-161,2024,0.48154907967326616,1,Alto
RA-420,2024,0.4811323978058884,1,Alto
RA-1035,2024,0.48076983916885263,1,Alto
RA-1275,2024,0.47974550819400164,1,Alto
RA-1184,2024,0.4773147527677859,1,Alto
RA-1114,2024,0.4762159585636689,1,Alto
RA-1624,2024,0.47574852616953933,1,Alto
RA-1052,2024,0.4756558937731359,1,Alto
RA-989,2024,0.473946831326373,1,Alto
RA-895,2024,0.47394321896783803,1,Alto
RA-1171,2024,0.473570231050303,1,Alto
RA-1029,2024,0.47339020796848447,1,Alto
RA-536,2024,0.4733056641195704,1,Alto
RA-861,2024,0.4730913669634602,1,Alto
RA-1376,2024,0.4725728275629886,1,Alto
RA-1627,2024,0.4722734607036309,1,Alto
RA-2,2024,0.4703067309496943,1,Alto
RA-1333,2024,0.46899481056130726,1,Alto
RA-1012,2024,0.4686121764225073,1,Alto
RA-450,2024,0.46850862580575664,1,Alto
RA-1328,2024,0.46837997087192307,1,Alto
RA-1483,2024,0.4680209577737264,1,Alto
RA-1073,2024,0.4677657493923171,1,Alto
RA-594,2024,0.4677002160999206,1,Alto
RA-1293,2024,0.4675019847192653,1,Alto
RA-1162,2024,0.46645065817395015,1,Alto
RA-1372,2024,0.46604366857526697,1,Alto
RA-57,2024,0.4649347978185754,1,Alto
RA-842,2024,0.4640917684837731,1,Alto
RA-1604,2024,0.46183809790859337,1,Alto
RA-1306,2024,0.46157917385024666,1,Alto
RA-1025,2024,0.4607261971830574,1,Alto
RA-499,2024,0.4603198492970776,1,Alto
RA-143,2024,0.4597983483876342,1,Alto
RA-1570,2024,0.45869901953539594,1,Alto
RA-889,2024,0.4570121478070376,1,Alto
RA-1514,2024,0.4553916882729535,1,Alto
RA-1117,2024,0.4551202749878215,1,Alto
RA-1377,2024,0.4533906920872346,1,Alto
RA-1537,2024,0.45254719695040874,1,Alto
RA-535,2024,0.45250118321404054,1,Alto
RA-1431,2024,0.45232758882908686,1,Alto
RA-1362,2024,0.45207966180339854,1,Alto
RA-469,2024,0.44989647786905385,1,Alto
RA-1553,2024,0.44988140585517883,1,Alto
RA-580,2024,0.4491779128070145,1,Alto
RA-735,2024,0.4481014998091692,1,Alto
RA-614,2024,0.44760547198483347,1,Alto
RA-1526,2024,0.44685465458630724,1,Alto
RA-1628,2024,0.4455888501483765,1,Alto
RA-1129,2024,0.4434653950412184,1,Alto
RA-521,2024,0.4433703017613763,1,Alto
RA-1397,2024,0.44311133459369356,1,Alto
RA-607,2024,0.44281472212177514,1,Alto
RA-740,2024,0.44210584100367656,1,Alto
RA-1429,2024,0.44198015024251336,1,Alto
RA-547,2024,0.4416195999399701,1,Alto
RA-1122,2024,0.44146476166750276,1,Alto
RA-1445,2024,0.44059134063009936,1,Alto
RA-1561,2024,0.4401202502320886,1,Alto
RA-1062,2024,0.43973833238773474,1,Alto
RA-1329,2024,0.43965119342636144,1,Alto
RA-684,2024,0.4387769465516429,1,Alto
RA-1021,2024,0.43808873255084635,1,Alto
RA-524,2024,0.438044390754976,1,Alto
RA-1484,2024,0.43792257654446587,1,Alto
RA-490,2024,0.4371415386255875,1,Alto
RA-898,2024,0.4370729583473304,1,Alto
RA-220,2024,0.4361596656177358,1,Alto
RA-664,2024,0.43476818033745884,1,Alto
RA-1298,2024,0.4344488947278771,1,Alto
RA-526,2024,0.4334756707363191,1,Alto
RA-146,2024,0.4305128778230932,1,Alto
RA-733,2024,0.430013155524466,1,Alto
RA-428,2024,0.4298016108632593,1,Alto
RA-1501,2024,0.42966379546971994,1,Alto
RA-1356,2024,0.4277791799522707,1,Alto
RA-1631,2024,0.4267991334705006,1,Alto
RA-1133,2024,0.42331233650387395,1,Alto
RA-1438,2024,0.4226860080656711,1,Alto
RA-696,2024,0.4225462000907358,1,Alto
RA-1048,2024,0.42148433386823697,1,Alto
RA-1435,2024,0.42114184423718415,1,Alto
RA-1363,2024,0.42075304438862865,1,Alto
RA-1134,2024,0.4203786439952041,1,Alto
RA-181,2024,0.4203736339831968,1,Alto
RA-1076,2024,0.4185646459613412,1,Alto
RA-1178,2024,0.4185466589184859,1,Alto
RA-1590,2024,0.41732840197759224,1,Alto
RA-573,2024,0.41551742361072536,1,Alto
RA-1331,2024,0.41299268374981957,1,Alto
RA-713,2024,0.41214315795576395,1,Alto
RA-1572,2024,0.4120568627149047,1,Alto
RA-1057,2024,0.41086336146193214,1,Alto
RA-1277,2024,0.41001279800100143,1,Alto
RA-1056,2024,0.40943701916161535,1,Alto
RA-1528,2024,0.40901476555841404,1,Alto
RA-1437,2024,0.4085705005182034,1,Alto
RA-1487,2024,0.40726424559477103,1,Alto
RA-826,2024,0.40715038182586555,1,Alto
RA-1434,2024,0.4062713441877285,1,Alto
RA-1321,2024,0.40620282460625945,1,Alto
RA-850,2024,0.4056363146494173,1,Alto
RA-903,2024,0.4056211011080226,1,Alto
RA-871,2024,0.40557916540434813,1,Alto
RA-1032,2024,0.40482154465980125,1,Alto
RA-1201,2024,0.40430055883053256,1,Alto
RA-1398,2024,0.40282699023577223,1,Alto
RA-923,2024,0.4022562047672252,1,Alto
RA-1621,2024,0.40158615332594344,1,Alto
RA-600,2024,0.399086208482551,1,Alto
RA-1001,2024,0.3986330846096257,1,Alto
RA-1276,2024,0.39607523101348213,1,Alto
RA-831,2024,0.39500937099232153,1,Alto
RA-167,2024,0.3938709483443679,1,Alto
RA-1474,2024,0.39307147419034366,1,Alto
RA-1432,2024,0.3923392957796728,1,Alto
RA-1406,2024,0.3922838565148469,1,Alto
RA-601,2024,0.39138106315590626,1,Alto
RA-879,2024,0.39091193653144884,1,Alto
RA-494,2024,0.39091142154406566,1,Alto
RA-1622,2024,0.3905863309973695,1,Alto
RA-92,2024,0.3900676714602242,1,Alto
RA-982,2024,0.38996365769229646,1,Alto
RA-597,2024,0.38915300291321203,1,Alto
RA-894,2024,0.3873037969053961,1,Alto
RA-1240,2024,0.3872878274172457,1,Alto
RA-1255,2024,0.3872878274172457,1,Alto
RA-1258,2024,0.3872878274172457,1,Alto
RA-1649,2024,0.3872878274172457,1,Alto
RA-1254,2024,0.3872878274172457,1,Alto
RA-1231,2024,0.3872878274172457,1,Alto
RA-1232,2024,0.3872878274172457,1,Alto
RA-1659,2024,0.3872878274172457,1,Alto
RA-1658,2024,0.3872878274172457,1,Alto
RA-1657,2024,0.3872878274172457,1,Alto
RA-1637,2024,0.3872878274172457,1,Alto
RA-1639,2024,0.3872878274172457,1,Alto
RA-1250,2024,0.3872878274172457,1,Alto
RA-1245,2024,0.3872878274172457,1,Alto
RA-1268,2024,0.3872878274172457,1,Alto
RA-1265,2024,0.3872878274172457,1,Alto
RA-1656,2024,0.3872878274172457,1,Alto
RA-1249,2024,0.3872878274172457,1,Alto
RA-1248,2024,0.3872878274172457,1,Alto
RA-1257,2024,0.3872878274172457,1,Alto
RA-1648,2024,0.3872878274172457,1,Alto
RA-1235,2024,0.3872878274172457,1,Alto
RA-1641,2024,0.3872878274172457,1,Alto
RA-1651,2024,0.3872878274172457,1,Alto
RA-1653,2024,0.3872878274172457,1,Alto
RA-1645,2024,0.3872878274172457,1,Alto
RA-1646,2024,0.3872878274172457,1,Alto
RA-1650,2024,0.3872878274172457,1,Alto
RA-1644,2024,0.3872878274172457,1,Alto
RA-1642,2024,0.3872878274172457,1,Alto
RA-1654,2024,0.3872878274172457,1,Alto
RA-1643,2024,0.3872878274172457,1,Alto
RA-1633,2024,0.3872878274172457,1,Alto
RA-1260,2024,0.3872878274172457,1,Alto
RA-1380,2024,0.38713662779880254,1,Alto
RA-927,2024,0.38668986250646115,1,Alto
RA-799,2024,0.38548196533766677,1,Alto
RA-1313,2024,0.3851968248662583,1,Alto
RA-204,2024,0.38429512812147465,1,Alto
RA-1069,2024,0.38389612247948013,1,Alto
RA-1428,2024,0.38260916960513663,1,Alto
RA-1153,2024,0.38205711489115984,1,Alto
RA-1491,2024,0.38204297825976774,1,Alto
RA-1288,2024,0.3818473969752509,1,Alto
RA-467,2024,0.38127235356949507,1,Alto
RA-86,2024,0.3802818072855148,1,Alto
RA-1140,2024,0.3798581688689923,1,Alto
RA-438,2024,0.3793215035121423,1,Alto
RA-1439,2024,0.37927961483028616,1,Alto
RA-988,2024,0.37826377803444183,1,Alto
RA-1427,2024,0.37810178201927874,1,Alto
RA-1340,2024,0.37796352240434883,1,Alto
RA-628,2024,0.3779244067008702,1,Alto
RA-1403,2024,0.3777684254448196,1,Alto
RA-1264,2024,0.37738657902132033,1,Alto
RA-1635,2024,0.37738657902132033,1,Alto
RA-1636,2024,0.37738657902132033,1,Alto
RA-1269,2024,0.37738657902132033,1,Alto
RA-1640,2024,0.37738657902132033,1,Alto
RA-1261,2024,0.37738657902132033,1,Alto
RA-1634,2024,0.37738657902132033,1,Alto
RA-1655,2024,0.37738657902132033,1,Alto
RA-1262,2024,0.37738657902132033,1,Alto
RA-1270,2024,0.37738657902132033,1,Alto
RA-1263,2024,0.37738657902132033,1,Alto
RA-1251,2024,0.37738657902132033,1,Alto
RA-1252,2024,0.37738657902132033,1,Alto
RA-1244,2024,0.37738657902132033,1,Alto
RA-1267,2024,0.37738657902132033,1,Alto
RA-1266,2024,0.37738657902132033,1,Alto
RA-1638,2024,0.37738657902132033,1,Alto
RA-1272,2024,0.37738657902132033,1,Alto
RA-1246,2024,0.37738657902132033,1,Alto
RA-1273,2024,0.37738657902132033,1,Alto
RA-1271,2024,0.37738657902132033,1,Alto
RA-1274,2024,0.37738657902132033,1,Alto
RA-1661,2024,0.37738657902132033,1,Alto
RA-1660,2024,0.37738657902132033,1,Alto
RA-1241,2024,0.37738657902132033,1,Alto
RA-1237,2024,0.37738657902132033,1,Alto
RA-1242,2024,0.37738657902132033,1,Alto
RA-1239,2024,0.37738657902132033,1,Alto
RA-1225,2024,0.37738657902132033,1,Alto
RA-1238,2024,0.37738657902132033,1,Alto
RA-1647,2024,0.37738657902132033,1,Alto
RA-1652,2024,0.37738657902132033,1,Alto
RA-1236,2024,0.37738657902132033,1,Alto
RA-1234,2024,0.37738657902132033,1,Alto
RA-1259,2024,0.37738657902132033,1,Alto
RA-1233,2024,0.37738657902132033,1,Alto
RA-1253,2024,0.37738657902132033,1,Alto
RA-1256,2024,0.37738657902132033,1,Alto
RA-227,2024,0.3772789663387537,1,Alto
RA-980,2024,0.37342193822761777,1,Alto
RA-1224,2024,0.37260441198307803,1,Alto
RA-1090,2024,0.3721277927615328,1,Alto
RA-1509,2024,0.37053856440646776,1,Alto
RA-652,2024,0.3704562834210882,1,Alto
RA-1330,2024,0.36966307802414805,1,Alto
RA-88,2024,0.36918459472848525,1,Alto
RA-1545,2024,0.36658841041756196,1,Alto
RA-1327,2024,0.3663489429521162,1,Alto
RA-1226,2024,0.36457826231396223,1,Alto
RA-1433,2024,0.36456269699324295,1,Alto
RA-1454,2024,0.36431951380585653,1,Alto
RA-27,2024,0.3637838993684199,1,Alto
RA-986,2024,0.363152051523928,1,Alto
RA-810,2024,0.3630288911408119,1,Alto
RA-592,2024,0.36298067328097955,1,Alto
RA-1367,2024,0.3621879309221493,1,Alto
RA-1400,2024,0.36013748921106725,1,Alto
RA-1381,2024,0.360104836890041,1,Alto
RA-1024,2024,0.35896806190820874,1,Alto
RA-1623,2024,0.3567093969752863,1,Alto
RA-637,2024,0.35595860890603276,1,Alto
RA-802,2024,0.3551180341178732,1,Alto
RA-1030,2024,0.3550954452316224,1,Alto
RA-1522,2024,0.3546180159052315,1,Alto
RA-1089,2024,0.35398566638454587,1,Alto
RA-398,2024,0.3538879863152409,1,Alto
RA-96,2024,0.3536679551049778,1,Alto
RA-1499,2024,0.35295136545105954,1,Alto
RA-1216,2024,0.34961199058574005,1,Alto
RA-1285,2024,0.3491646851664477,1,Alto
RA-1512,2024,0.3485633429210352,1,Alto
RA-604,2024,0.3484450974782387,1,Alto
RA-78,2024,0.3453306843838817,1,Alto
RA-39,2024,0.34440670024401066,1,Alto
RA-1539,2024,0.3438844373666096,1,Alto
RA-1038,2024,0.3432965043220106,1,Alto
RA-1027,2024,0.3431158993255324,1,Alto
RA-1441,2024,0.3428748986134254,1,Alto
RA-338,2024,0.3419493757939698,1,Alto
RA-629,2024,0.34148724672511266,1,Alto
RA-748,2024,0.34138396223499157,1,Alto
RA-789,2024,0.3407967796052015,1,Alto
RA-1322,2024,0.33874562789224927,1,Alto
RA-1325,2024,0.3381905123070639,1,Alto
RA-854,2024,0.33708553260884905,1,Alto
RA-953,2024,0.3362265631102714,1,Alto
RA-814,2024,0.33601838471494216,1,Alto
RA-1066,2024,0.33453844091805207,1,Alto
RA-1344,2024,0.3344713797027595,1,Alto
RA-1303,2024,0.33378668071890344,1,Alto
RA-59,2024,0.33367381610896507,1,Alto
RA-1210,2024,0.3332608328085984,1,Alto
RA-527,2024,0.3325574111756921,1,Alto
RA-958,2024,0.3324257510582975,1,Alto
RA-1044,2024,0.3309892168190236,1,Alto
RA-456,2024,0.32988790051127814,1,Alto
RA-23,2024,0.3294042073867051,1,Alto
RA-375,2024,0.32908908855089636,1,Alto
RA-753,2024,0.3284465080535803,1,Alto
RA-757,2024,0.32823521368476066,1,Alto
RA-1361,2024,0.3281137022496384,1,Alto
RA-1390,2024,0.32696092377439095,1,Alto
RA-1414,2024,0.3268465839474043,1,Alto
RA-807,2024,0.3258889166688819,1,Alto
RA-1295,2024,0.3258166727044701,1,Alto
RA-1389,2024,0.3257927413926553,1,Alto
RA-1412,2024,0.32514958070806105,1,Alto
RA-1538,2024,0.32447416209391705,1,Alto
RA-319,2024,0.3243716637175917,1,Alto
RA-19,2024,0.32271268321048396,1,Alto
RA-746,2024,0.3226896097622878,1,Alto
RA-910,2024,0.3222895607141525,1,Alto
RA-543,2024,0.3209746441991806,1,Alto
RA-1103,2024,0.32080338809782416,1,Alto
RA-1127,2024,0.3206559550029469,1,Alto
RA-301,2024,0.32000927345266583,1,Alto
RA-1383,2024,0.3199361719163977,1,Alto
RA-1019,2024,0.31959471228747377,1,Alto
RA-943,2024,0.31939278073400623,1,Alto
RA-778,2024,0.31937894523709215,1,Alto
RA-1072,2024,0.31907924806857013,1,Alto
RA-1368,2024,0.31879187740535325,1,Alto
RA-106,2024,0.31785657273467705,1,Alto
RA-1284,2024,0.31766519309466323,1,Alto
RA-1310,2024,0.31642426517865446,1,Alto
RA-1391,2024,0.3161698793828126,1,Alto
RA-1314,2024,0.31572793452116854,1,Alto
RA-1369,2024,0.3147839876115121,1,Alto
RA-1315,2024,0.314782388116552,1,Alto
RA-899,2024,0.3141136411118929,1,Alto
RA-952,2024,0.3130112006499493,1,Alto
RA-1068,2024,0.3123464713442277,1,Alto
RA-984,2024,0.31222175253876133,1,Alto
RA-173,2024,0.31217716269068563,1,Alto
RA-1510,2024,0.3121190779838592,1,Alto
RA-1023,2024,0.31175886419955057,1,Alto
RA-1511,2024,0.31120855188239627,1,Alto
RA-764,2024,0.3107528410584833,1,Alto
RA-900,2024,0.310721937441736,1,Alto
RA-1064,2024,0.3102252683727868,1,Alto
RA-1309,2024,0.3098402716863019,1,Alto
RA-1343,2024,0.30936980953849896,1,Alto
RA-896,2024,0.30827505969903674,1,Alto
RA-1395,2024,0.3075101799598491,1,Alto
RA-237,2024,0.30597249067783183,1,Alto
RA-1065,2024,0.3042955752557796,1,Alto
RA-1173,2024,0.30226928807729403,1,Alto
RA-1020,2024,0.30161558777450265,1,Alto
RA-610,2024,0.30089984008718496,1,Alto
RA-1632,2024,0.30080959601855745,1,Alto
RA-755,2024,0.3007921692044504,1,Alto
RA-795,2024,0.3007017742720881,1,Alto
RA-893,2024,0.2998674195351498,1,Alto
RA-954,2024,0.298629150311459,1,Alto
RA-782,2024,0.2983473922295257,1,Alto
RA-928,2024,0.2976194732052676,1,Alto
RA-1142,2024,0.29679535668395823,1,Alto
RA-346,2024,0.29667005500192944,1,Alto
RA-655,2024,0.2964704383830618,1,Alto
RA-1495,2024,0.29593486107761136,1,Alto
RA-62,2024,0.29585018104250316,1,Alto
RA-1508,2024,0.29570412844387023,1,Alto
RA-1102,2024,0.29561152846808963,1,Alto
RA-1402,2024,0.2955743452464834,1,Alto
RA-892,2024,0.295553646027945,1,Alto
RA-1121,2024,0.29482120946345125,1,Alto
RA-1468,2024,0.2937629110828788,1,Alto
RA-1165,2024,0.29286445534016525,1,Alto
RA-785,2024,0.29255268163572246,1,Alto
RA-539,2024,0.2915490878780637,1,Alto
RA-1467,2024,0.2908099817018572,1,Alto
RA-184,2024,0.29010252198614067,1,Alto
RA-987,2024,0.28919583630622364,1,Alto
RA-191,2024,0.2861567967813929,1,Alto
RA-922,2024,0.2861457552973872,1,Alto
RA-1476,2024,0.28556222231763134,1,Alto
RA-1000,2024,0.283146204950308,1,Alto
RA-80,2024,0.2830830984606183,1,Alto
RA-1525,2024,0.2830319515083914,1,Alto
RA-1598,2024,0.2827856319966152,1,Alto
RA-1492,2024,0.2826468297099748,1,Alto
RA-1463,2024,0.28222732821694885,1,Alto
RA-64,2024,0.28211753890335556,1,Alto
RA-1466,2024,0.2820526477642935,1,Alto
RA-1456,2024,0.2808893223425775,1,Alto
RA-1214,2024,0.27983822851403917,1,Alto
RA-1472,2024,0.27973850538883643,1,Alto
RA-1221,2024,0.2797361034683085,1,Alto
RA-1036,2024,0.2794069397470522,1,Alto
RA-963,2024,0.27923667513662054,1,Alto
RA-1177,2024,0.2785681528855411,1,Alto
RA-1096,2024,0.27836633305344266,1,Alto
RA-727,2024,0.27804916643014094,1,Alto
RA-1405,2024,0.27773962215675224,1,Alto
RA-985,2024,0.2755771912242734,1,Alto
RA-670,2024,0.27548365571969097,1,Alto
RA-1527,2024,0.2747855914268878,1,Alto
RA-819,2024,0.2743842239772149,1,Alto
RA-745,2024,0.27348282821604647,1,Alto
RA-1203,2024,0.27202572355962684,1,Alto
RA-1404,2024,0.27160277474756167,1,Alto
RA-299,2024,0.2715733211438718,1,Alto
RA-788,2024,0.26948414304216234,1,Alto
RA-1419,2024,0.26836664167431595,1,Alto
RA-1163,2024,0.26752200526511793,1,Alto
RA-1602,2024,0.26675820060072764,1,Alto
RA-686,2024,0.2663933775102615,1,Alto
RA-1061,2024,0.2660309867217535,1,Alto
RA-576,2024,0.26573722899064955,1,Alto
RA-1630,2024,0.2644460211291152,1,Alto
RA-612,2024,0.26437751022971234,1,Alto
RA-1452,2024,0.26432056344567395,1,Alto
RA-1533,2024,0.26398620399679634,1,Alto
RA-1578,2024,0.26351727337686215,1,Alto
RA-1034,2024,0.2622836363955908,1,Alto
RA-36,2024,0.26129525508693724,1,Alto
RA-277,2024,0.2598613631307591,1,Alto
RA-653,2024,0.2594183532774518,1,Alto
RA-45,2024,0.2581829891303511,1,Alto
RA-1059,2024,0.25813351146916197,1,Alto
RA-1523,2024,0.2573811889193925,1,Alto
RA-688,2024,0.2573490610218909,1,Alto
RA-1081,2024,0.25703067951456093,1,Alto
RA-853,2024,0.2566743530205119,1,Alto
RA-833,2024,0.25616077315716645,1,Alto
RA-1176,2024,0.2555663360085713,1,Alto
RA-501,2024,0.2552600434370459,1,Alto
RA-1615,2024,0.2552072723831598,1,Alto
RA-409,2024,0.2550405609370196,1,Alto
RA-599,2024,0.2538960590884235,1,Alto
RA-291,2024,0.252680293394863,1,Alto
RA-260,2024,0.25141919260581097,1,Alto
RA-827,2024,0.2510060312504828,1,Alto
RA-183,2024,0.24991061503365586,0,Moderado
RA-531,2024,0.24427028514513616,0,Moderado
RA-278,2024,0.24417024678664456,0,Moderado
RA-840,2024,0.24352118452556037,0,Moderado
RA-693,2024,0.2423461586957193,0,Moderado
RA-1093,2024,0.24231646210527388,0,Moderado
RA-384,2024,0.24176388223595813,0,Moderado
RA-412,2024,0.24086421954192996,0,Moderado
RA-325,2024,0.24078391346862968,0,Moderado
RA-81,2024,0.2404139523827896,0,Moderado
RA-562,2024,0.23965368142610832,0,Moderado
RA-781,2024,0.2389370062551147,0,Moderado
RA-657,2024,0.23883153065929758,0,Moderado
RA-1151,2024,0.23830342885538333,0,Moderado
RA-1541,2024,0.2377036158498522,0,Moderado
RA-1626,2024,0.23516111359798852,0,Moderado
RA-189,2024,0.2349399585200145,0,Moderado
RA-855,2024,0.23489373971394836,0,Moderado
RA-860,2024,0.2347894219610084,0,Moderado
RA-17,2024,0.23456176641232815,0,Moderado
RA-112,2024,0.2341839445733296,0,Moderado
RA-25,2024,0.23390293658941835,0,Moderado
RA-364,2024,0.23264543921013928,0,Moderado
RA-1557,2024,0.23124630057558515,0,Moderado
RA-829,2024,0.23119737030009138,0,Moderado
RA-687,2024,0.23115109190200164,0,Moderado
RA-339,2024,0.23011518838166997,0,Moderado
RA-651,2024,0.2290165764938068,0,Moderado
RA-457,2024,0.22811667946050768,0,Moderado
RA-721,2024,0.22759687710403775,0,Moderado
RA-403,2024,0.2275865080343593,0,Moderado
RA-320,2024,0.22637465516810182,0,Moderado
RA-1131,2024,0.225586367325395,0,Moderado
RA-119,2024,0.22551438555956146,0,Moderado
RA-666,2024,0.22463619674373855,0,Moderado
RA-332,2024,0.22417450688998397,0,Moderado
RA-1560,2024,0.22410345519232075,0,Moderado
RA-52,2024,0.22337122477039198,0,Moderado
RA-563,2024,0.22304493326424224,0,Moderado
RA-1094,2024,0.22183062251916677,0,Moderado
RA-419,2024,0.21930571711022306,0,Moderado
RA-365,2024,0.21849996394221274,0,Moderado
RA-513,2024,0.21705415756092705,0,Moderado
RA-26,2024,0.2162984466691205,0,Moderado
RA-76,2024,0.2143041119869272,0,Moderado
RA-241,2024,0.21357793266275166,0,Moderado
RA-38,2024,0.21242823236801756,0,Moderado
RA-35,2024,0.21242823236801756,0,Moderado
RA-31,2024,0.21242823236801756,0,Moderado
RA-718,2024,0.21228281315503952,0,Moderado
RA-321,2024,0.20990389062465828,0,Moderado
RA-837,2024,0.2095385820002437,0,Moderado
RA-58,2024,0.20865642390353223,0,Moderado
RA-425,2024,0.20712275520855017,0,Moderado
RA-383,2024,0.20566962838224115,0,Moderado
RA-832,2024,0.2038846315174142,0,Moderado
RA-730,2024,0.2036792015541344,0,Moderado
RA-602,2024,0.20277466928012786,0,Moderado
RA-557,2024,0.20130050220106024,0,Moderado
RA-808,2024,0.20024504354161873,0,Moderado
RA-250,2024,0.20000475562108,0,Moderado
RA-56,2024,0.1987595407543016,0,Baixo
RA-87,2024,0.19807532006394354,0,Baixo
RA-98,2024,0.1980225076053345,0,Baixo
RA-316,2024,0.19568610880504514,0,Baixo
RA-279,2024,0.1936175689296802,0,Baixo
RA-586,2024,0.19348038289175648,0,Baixo
RA-242,2024,0.19059398099050784,0,Baixo
RA-588,2024,0.18997506673814654,0,Baixo
RA-48,2024,0.18854551738306324,0,Baixo
RA-179,2024,0.18756530636860094,0,Baixo
RA-127,2024,0.1864511866740601,0,Baixo
RA-737,2024,0.1861188017262816,0,Baixo
RA-487,2024,0.18503361660882553,0,Baixo
RA-186,2024,0.1849232129664455,0,Baixo
RA-418,2024,0.18477917614507797,0,Baixo
RA-859,2024,0.18450360285775727,0,Baixo
RA-196,2024,0.18381123025481333,0,Baixo
RA-834,2024,0.18307170324745406,0,Baixo
RA-522,2024,0.18253492812857305,0,Baixo
RA-90,2024,0.18251660289411784,0,Baixo
RA-761,2024,0.1808096565041642,0,Baixo
RA-421,2024,0.17883540820458463,0,Baixo
RA-503,2024,0.17859709831599194,0,Baixo
RA-269,2024,0.1782731364741929,0,Baixo
RA-165,2024,0.17813291895475364,0,Baixo
RA-172,2024,0.17812224870525792,0,Baixo
RA-180,2024,0.17748060551465916,0,Baixo
RA-516,2024,0.1761243155241622,0,Baixo
RA-94,2024,0.17535649731036496,0,Baixo
RA-816,2024,0.1747927057496668,0,Baixo
RA-193,2024,0.17468741902236243,0,Baixo
RA-245,2024,0.17378946162761721,0,Baixo
RA-176,2024,0.17305141982658184,0,Baixo
RA-280,2024,0.17133676370183032,0,Baixo
RA-229,2024,0.17009107106174387,0,Baixo
RA-103,2024,0.16910671169670505,0,Baixo
RA-195,2024,0.1675835838092499,0,Baixo
RA-417,2024,0.1674570900282986,0,Baixo
RA-166,2024,0.1634716978586595,0,Baixo
RA-500,2024,0.16340433597521398,0,Baixo
RA-502,2024,0.16334054921265004,0,Baixo
RA-110,2024,0.16327611074087417,0,Baixo
RA-784,2024,0.16238175249972855,0,Baixo
RA-578,2024,0.1615746077802715,0,Baixo
RA-274,2024,0.16061157785921065,0,Baixo
RA-244,2024,0.15927319386299993,0,Baixo
RA-211,2024,0.15926233344547927,0,Baixo
RA-416,2024,0.1585385824341728,0,Baixo
RA-187,2024,0.15743695861948132,0,Baixo
RA-157,2024,0.15713895288158639,0,Baixo
RA-326,2024,0.15471512117864042,0,Baixo
RA-93,2024,0.15347378610439275,0,Baixo
RA-479,2024,0.15327450547145982,0,Baixo
RA-132,2024,0.15315510145783728,0,Baixo
RA-347,2024,0.14843247908384627,0,Baixo
RA-111,2024,0.1480086094028293,0,Baixo
RA-197,2024,0.14768258177199212,0,Baixo
